{
  "id": "art-for-daggerheart",
  "title": "Art for Daggerheart",
  "version": "0.8.0",
  "compatibility": {
    "minimum": "13",
    "verified": "13"
  },
  
  "authors": [
    {
      "name": "Gus",
      "flags": {}
    },
    {
      "name": "Mestre Digital",
      "url": "https://www.youtube.com/c/MestreDigital",
      "flags": {}
    },
    {
      "name": "Yuri",
      "flags": {}
    }
  ],

  "flags": {
    "canUpload": true
  },

  "packs": [],
  
  "esmodules": ["./scripts/init.js"],

  "relationships": {
    "systems": [
      {
        "id": "daggerheart",
        "type": "system",
        "compatibility": {}
      }
    ]
  },

  "url": "https://github.com/mordachai/art-for-daggerheart",
  "manifest": "https://github.com/mordachai/art-for-daggerheart/raw/main/module.json",
  "download": "https://github.com/mordachai/art-for-daggerheart/raw/main/art-for-daggerheart.zip",
  
  "description": "Art for Daggerheart is a Foundry VTT module that drops fresh, custom-made art straight into your Daggerheart game. We’re talking unique portraits and tokens for all the adversaries — all AI-generated just for this module."
}